Name,Link,Aliases
Vernon Dursley,/wiki/Vernon_Dursley,"['Mr. Dursley', 'Vernon']"
Petunia Dursley,/wiki/Petunia_Dursley,"['Tuney', 'Petunia', 'Mrs. Dursley']"
Dudley Dursley,/wiki/Dudley_Dursley,"['Dudley', 'Dudders', 'Diddykins', 'Popkin', ""Big 'D'"", 'Diddy', 'My Neffy Poo', 'Ickle Dudleykins', 'Dinky Diddydums']"
Lily Potter,/wiki/Lily_J._Potter,"['Lily', 'Mrs. Potter']"
James Potter,/wiki/James_Potter_I,"['Prongs', 'James']"
Harry Potter,/wiki/Harry_Potter,"['The Boy Who Lied', 'Lightning', 'Potty', 'Mr. Potter', 'Harry', 'The Boy Who Lived', 'Vernon Dudley', 'The Chosen One', 'Undesirable No. 1', 'Plotter']"
Violet-cloaked wizard,/wiki/Violet-cloaked_wizard,[]
Lord Voldemort,/wiki/Tom_Riddle,"['Chief Death Eater', 'He-Who-Must-Not-Be-Named', 'The Dark Lord', 'You-Know-Who', 'Lord', 'My Lord', 'Heir of Slytherin']"
Jim McGuffin,/wiki/Jim_McGuffin,['Jim']
Ted,/wiki/Ted,[]
Vernon Dursley's secretary,/wiki/Vernon_Dursley%27s_secretary,[]
Albus Dumbledore,/wiki/Albus_Dumbledore,"['Dumbledore', 'Albus']"
Minerva McGonagall,/wiki/Minerva_McGonagall,"['McGonagall', 'Minerva']"
Dedalus Diggle,/wiki/Dedalus_Diggle,"['Dedalus', 'Diggle']"
Poppy Pomfrey,/wiki/Poppy_Pomfrey,"['Pomfrey', 'Poppy']"
Rubeus Hagrid,/wiki/Rubeus_Hagrid,"['Hagrid', 'Hagger', 'Rubeus']"
Sirius Black,/wiki/Sirius_Black,"['Sirius', 'Padfoot', 'Snuffles']"
Marge Dursley,/wiki/Marjorie_Dursley,"['Margie', 'Aunt Marge', 'Marge', 'Auntie Marge']"
Arabella Figg,/wiki/Arabella_Figg,"['Arabella', 'Mrs. Figg']"
Tibbles,/wiki/Mr_Tibbles,[]
Snowy,/wiki/Snowy,[]
Mr Paws,/wiki/Mr_Paws,['Mr. Paws']
Tufty,/wiki/Tufty,[]
Yvonne,/wiki/Yvonne,[]
Piers Polkiss,/wiki/Piers_Polkiss,['Piers']
Piers Polkiss's mother,/wiki/Piers_Polkiss%27s_mother,[]
Keeper of the reptile house,/wiki/Keeper_of_the_reptile_house,['Keeper']
Zoo director,/wiki/Zoo_director,[]
A boa constrictor,/wiki/Boa_constrictor_at_the_zoo,['Boa Constrictor']
A gorilla,/wiki/Gorilla_at_the_zoo,[]
Dennis,/wiki/Dennis,[]
Malcolm,/wiki/Malcolm,[]
Gordon,/wiki/Gordon,[]
Dudley's parrot,/wiki/Dudley_Dursley%27s_parrot,[]
Dudley's tortoise,/wiki/Dudley_Dursley%27s_tortoise,[]
Owner of the Railview Hotel,/wiki/Owner_of_the_Railview_Hotel,['Owner']
Merlin,/wiki/Merlin,['Prince of Enchanters']
Mr Evans,/wiki/Evans_sisters%27_father,['Mr. Evans']
Mrs Evans,/wiki/Evans_sisters%27_mother,['Mrs. Evans']
McKinnon family,/wiki/McKinnon_family,[]
Bones family,/wiki/Bones_family,[]
Prewett family,/wiki/Prewett_family,[]
Cornelius Fudge,/wiki/Cornelius_Fudge,"['The Other Minister', 'Goblin-Crusher', 'Cornelius']"
Miranda Goshawk,/wiki/Miranda_Goshawk,['Miranda']
Bathilda Bagshot,/wiki/Bathilda_Bagshot,"['Bathilda', '""Batty"" Bagshot']"
Adalbert Waffling,/wiki/Adalbert_Waffling,['Adalbert']
Emeric Switch,/wiki/Emeric_Switch,['Emeric']
Phyllida Spore,/wiki/Phyllida_Spore,['Phyllida']
Arsenus Jigger,/wiki/Arsenius_Jigger,['Arsenus']
Newton Scamander,/wiki/Newton_Scamander,"['Newton', 'Theseus Scamander']"
Quentin Trimble,/wiki/Quentin_Trimble,['Quentin']
Tom,/wiki/Tom,[]
Doris Crockford,/wiki/Doris_Crockford,['Doris']
Quirinus Quirrell,/wiki/Quirinus_Quirrell,"['Quirrell', 'Quirinus']"
Gringotts Head Goblin,/wiki/Gringotts_Head_Goblin,['Gringotts']
Griphook,/wiki/Griphook,[]
Madam Malkin,/wiki/Madam_Malkin%27s_Robes_for_All_Occasions,['Madam']
Draco Malfoy,/wiki/Draco_Malfoy,"['Malfoy', 'Draco']"
Lucius Malfoy,/wiki/Lucius_Malfoy,['Lucius']
Narcissa Malfoy,/wiki/Narcissa_Malfoy,"['Narcissa', 'Cissy']"
Vindictus Viridian,/wiki/Vindictus_Viridian,['Vindictus']
Hedwig,/wiki/Hedwig,[]
Garrick Ollivander,/wiki/Garrick_Ollivander,"['Mr. Ollivander', 'Garrick']"
King's Cross Station guard,/wiki/King%27s_Cross_Station_guard,[]
Ginny Weasley,/wiki/Ginevra_Weasley,['Ginny']
Molly Weasley,/wiki/Molly_Weasley,"['Mollywobbles', 'Mrs. Weasley', 'Molly']"
Percy Weasley,/wiki/Percy_Weasley,"['Perce', 'Percy']"
Fred Weasley,/wiki/Fred_Weasley,"['Rodent', 'Freddie', 'Rapier', 'Fred', 'Forge']"
George Weasley,/wiki/George_Weasley,"['George', 'Georgie', 'Tentacula', 'Gred']"
Ron Weasley,/wiki/Ronald_Weasley,"['Reg Cattermole', 'Roonil Wazlib', 'Mr. Weasley', 'Won-Won', 'Weasel', 'Ickle Ronnikins', 'Wheezy', 'Dragomir Despard', 'Ron']"
Neville Longbottom,/wiki/Neville_Longbottom,"['Longbottom', 'Neville']"
Augusta Longbottom,/wiki/Augusta_Longbottom,['Augusta']
Lee Jordan,/wiki/Lee_Jordan,"['River', 'Lee']"
Lee Jordan's tarantula,/wiki/Lee_Jordan%27s_tarantula,[]
Bill Weasley,/wiki/William_Weasley,['Bill']
Charlie Weasley,/wiki/Charles_Weasley,['Charlie']
Arthur Weasley,/wiki/Arthur_Weasley,['Arthur']
Peter Pettigrew,/wiki/Peter_Pettigrew,"['The Servant of Lord Voldemort', 'Peter', 'Wormtail', 'Wormy', 'Scabbers']"
Cornelius Agrippa,/wiki/Cornelius_Agrippa,"['Cornelius', 'Agrippa']"
Claudius Ptolemy,/wiki/Ptolemy,"['Claudius', 'Ptolemy']"
Gellert Grindelwald,/wiki/Gellert_Grindelwald,"['Gellert', 'Percival Graves', 'Abernathy', 'Grindelwald']"
Nicolas Flamel,/wiki/Nicolas_Flamel,['Nicolas']
Morgan le Fay,/wiki/Morgan_le_Fay,"['Morgan', 'Morgana']"
Hengist of Woodcroft,/wiki/Hengist_of_Woodcroft,['Hengist']
Alberic Grunnion,/wiki/Alberic_Grunnion,['Alberic']
Circe,/wiki/Circe,[]
Paracelsus,/wiki/Phillipus_von_Hohenheim,[]
Cliodna,/wiki/Cliodna,['Cliodne']
Bertie Bott,/wiki/Bertie_Bott,['Bertie']
Trevor,/wiki/Trevor,[]
Hermione Granger,/wiki/Hermione_Granger,"['Miss Granger', 'Hermy', 'Hermione']"
Vincent Crabbe,/wiki/Vincent_Crabbe,"['Vincent', 'Crabbe']"
Gregory Goyle,/wiki/Gregory_Goyle,"['Goyle', 'Gregory']"
Hogwarts Express conductor,/wiki/Hogwarts_Express_conductor,[]
Hermes,/wiki/Hermes,[]
Fat Friar,/wiki/Fat_Friar,['Friar']
Peeves,/wiki/Peeves,"['Peevsie', 'Peevesy']"
Sorting Hat,/wiki/Sorting_Hat,[]
Hannah Abbott,/wiki/Hannah_Abbott,['Hannah']
Susan Bones,/wiki/Susan_Bones,['Susan']
Terry Boot,/wiki/Terry_Boot,['Terry']
Mandy Brocklehurst,/wiki/Mandy_Brocklehurst,['Mandy']
Lavender Brown,/wiki/Lavender_Brown,"['Lav-Lav', 'Lavender']"
Millicent Bulstrode,/wiki/Millicent_Bulstrode,['Millicent']
Justin Finch-Fletchley,/wiki/Justin_Finch-Fletchley,['Justin']
Seamus Finnigan,/wiki/Seamus_Finnigan,"['Seamus', ""O'Flaherty""]"
Morag MacDougal,/wiki/Morag_MacDougal,['Morag']
Lily Moon,/wiki/Lily_Moon,['Lily']
Theodore Nott,/wiki/Theodore_Nott,['Theodore']
Pansy Parkinson,/wiki/Pansy_Parkinson,['Pansy']
Padma Patil,/wiki/Padma_Patil,['Padma']
Parvati Patil,/wiki/Parvati_Patil,"['Parvati', 'Miss Pennyfeather']"
Sally-Anne Perks,/wiki/Sally-Anne_Perks,[]
Dean Thomas,/wiki/Dean_Thomas,['Dean']
Lisa Turpin,/wiki/Lisa_Turpin,['Lisa']
Blaise Zabini,/wiki/Blaise_Zabini,['Blaise']
Nearly-Headless Nick,/wiki/Nicholas_de_Mimsy-Porpington,"['Sir Nicholas', 'Nearly Headless Nick']"
Bloody Baron,/wiki/Bloody_Baron,['Bloody']
Mr Finnigan,/wiki/Seamus_Finnigan%27s_father,['Mr. Finnigan']
Mrs Finnigan,/wiki/Seamus_Finnigan%27s_mother,['Mrs. Finnigan']
Algie,/wiki/Algie_Longbottom,[]
Severus Snape,/wiki/Severus_Snape,"['Half-Blood Prince', 'Snape', 'Severus', 'Slytherus', 'Snivellus/Snivelly', 'The Potions Master']"
Argus Filch,/wiki/Argus_Filch,"['Filchy', 'Filch', 'Argus']"
Rolanda Hooch,/wiki/Rolanda_Hooch,"['Rolanda', 'Madam Hooch']"
Fat Lady,/wiki/Fat_Lady,[]
Mrs Norris,/wiki/Mrs_Norris,['Mrs. Norris']
Pomona Sprout,/wiki/Pomona_Sprout,"['Professor Sprout', 'Pomona']"
Cuthbert Binns,/wiki/Cuthbert_Binns,"['Cuthbert', 'Professor Binns']"
Emeric the Evil,/wiki/Emeric_the_Evil,['Emeric']
Uric the Oddball,/wiki/Uric_the_Oddball,['Uric']
Filius Flitwick,/wiki/Filius_Flitwick,"['Professor Flitwick', 'Filius']"
Fang,/wiki/Fang,[]
Oliver Wood,/wiki/Oliver_Wood,"['Oliver', 'Wood']"
Helena Ravenclaw,/wiki/Helena_Ravenclaw,"['Helena', 'Grey Lady', 'The Ghost of Ravenclaw']"
Draco Malfoy's eagle owl,/wiki/Draco_Malfoy%27s_eagle_owl,[]
Gregory the Smarmy,/wiki/Gregory_the_Smarmy,['Gregory']
Fluffy,/wiki/Fluffy,[]
Baruffio,/wiki/Baruffio,[]
Angelina Johnson,/wiki/Angelina_Johnson,['Angelina']
Marcus Flint,/wiki/Marcus_Flint,"['Flint', 'Marcus']"
Alicia Spinnet,/wiki/Alicia_Spinnet,"['Spinnet', 'Alicia']"
Katie Bell,/wiki/Katie_Bell,['Katie']
Miles Bletchley,/wiki/Miles_Bletchley,['Miles']
Adrian Pucey,/wiki/Adrian_Pucey,"['Pucey', 'Adrian']"
Terence Higgs,/wiki/Terence_Higgs,"['Terence', 'Higgs']"
Irma Pince,/wiki/Irma_Pince,"['Madam Pince', 'Irma']"
Perenelle Flamel,/wiki/Perenelle_Flamel,['Perenelle']
Norbert,/wiki/Norberta,[]
Ronan,/wiki/Ronan,[]
Bane,/wiki/Bane,[]
Firenze,/wiki/Firenze,"['The nag', 'Dobbin']"
Unicorn,/wiki/Unicorn,[]
Elfric the Eager,/wiki/Elfric_the_Eager,['Elfric']
Hogwarts Giant Squid,/wiki/Hogwarts_Giant_Squid,['giant squid']
King's Cross Station,/wiki/King%27s_Cross_Station,[]
Mr Mason,/wiki/Mason,['Mr. Mason']
Mrs Mason,/wiki/Mason%27s_wife,['Mrs. Mason']
Dobby,/wiki/Dobby,[]
Mafalda Hopkirk,/wiki/Mafalda_Hopkirk,['Mafalda']
Errol,/wiki/Errol,[]
Perkins,/wiki/Perkins,[]
Weasley family,/wiki/Weasley_family,[]
Weasley family,/wiki/Weasley_family,[]
Celestina Warbeck,/wiki/Celestina_Warbeck,"['Celestina', 'The Singing Sorceress']"
Gilderoy Lockhart,/wiki/Gilderoy_Lockhart,"['Lockhart', 'Gilderoy']"
Father Christmas,/wiki/Father_Christmas,[]
Mundungus Fletcher,/wiki/Mundungus_Fletcher,"['Mundungus', 'Dung']"
Mortlake,/wiki/Mortlake,[]
Weasley family ghoul,/wiki/Weasley_family_ghoul,['Ronald Weasley']
Chudley Cannons,/wiki/Chudley_Cannons,['Chudley']
Martin Miggs,/wiki/Martin_Miggs,"['The Mad Muggle', 'Martin']"
Mr Borgin,/wiki/Borgin,['Mr. Borgin']
Aged witch,/wiki/Aged_witch,[]
Mr Granger,/wiki/Hermione_Granger%27s_father,"['Mr. Granger', 'Wendell Wilkins']"
Mrs Granger,/wiki/Hermione_Granger%27s_mother,"['Monica Wilkins', 'Mrs. Granger']"
Dr Filibuster,/wiki/Dr_Filibuster%27s_Fireworks,['Dr. Filibuster']
Bozo,/wiki/Bozo,[]
Manager of Flourish and Blotts,/wiki/Manager_of_Flourish_and_Blotts,[]
Hetty Bayliss,/wiki/Hetty_Bayliss,['Hetty']
Angus Fleet,/wiki/Angus_Fleet,['Angus']
Justin Finch-Fletchley's mother,/wiki/Justin_Finch-Fletchley%27s_mother,[]
Colin Creevey,/wiki/Colin_Creevey,"['Mr. Creevey', 'Colin']"
Bandon Banshee,/wiki/Bandon_Banshee,['Bandon']
Ogden,/wiki/Ogden,[]
pixies,/wiki/Pixie,[]
Gladys Gudgeon,/wiki/Gladys_Gudgeon,['Gladys']
Veronica Smethley,/wiki/Veronica_Smethley,['Veronica']
Sir Patrick Delaney-Podmore,/wiki/Patrick_Delaney-Podmore,"['Sir Properly-Decapitated Podmore', 'Sir Patrick']"
Z. Nettles,/wiki/Z._Nettles,[]
D.J. Prod,/wiki/Demetrius_Prod,['D. J. Prod']
salamander,/wiki/Fire_Dwelling_Salamander,[]
Portly ghost,/wiki/Portly_ghost,['Portly']
Myrtle Warren,/wiki/Myrtle_Warren,"['Moaning Myrtle', 'Myrtle']"
Wailing Widow,/wiki/Wailing_Widow,['Wailing']
Ghosts,/wiki/Ghost,[]
Mrs Skower,/wiki/Skower,['Mrs. Skower']
Godric Gryffindor,/wiki/Godric_Gryffindor,['Godric']
Helga Hufflepuff,/wiki/Helga_Hufflepuff,['Helga']
Rowena Ravenclaw,/wiki/Rowena_Ravenclaw,['Rowena']
Salazar Slytherin,/wiki/Salazar_Slytherin,"['Salazar', 'Serpent-tongue']"
Transylvanian,/wiki/Transylvania,[]
Yeti,/wiki/Yeti,[]
Vampire,/wiki/Vampire,[]
Wagga Wagga Werewolf,/wiki/Wagga_Wagga_Werewolf,['Wagga']
Ernie Macmillan,/wiki/Ernest_Macmillan,"['Ernie', 'Macmillan']"
Blood-Sucking Bugbear,/wiki/Blood-Sucking_Bugbear,[]
Aurora Sinistra,/wiki/Aurora_Sinistra,"['Aurora', 'Professor Sinistra']"
Fawkes,/wiki/Fawkes,[]
Penelope Clearwater,/wiki/Penelope_Clearwater,"['Penny', 'Penelope']"
Millicent Bulstrode's cat,/wiki/Millicent_Bulstrode%27s_cat,[]
dwarfs,/wiki/Dwarf,[]
Armando Dippet,/wiki/Armando_Dippet,"['Dippet', 'Armando']"
Aragog,/wiki/Aragog,[]
Hogwarts Board of Governors,/wiki/Hogwarts_Board_of_Governors,['governors']
Mosag,/wiki/Mosag,[]
Forbidden Forest Acromantula colony,/wiki/Forbidden_Forest_Acromantula_colony,[]
Olive Hornby,/wiki/Olive_Hornby,['Olive']
Tom Riddle Senior,/wiki/Tom_Riddle_Senior,['Tom']
Merope Riddle,/wiki/Merope_Riddle,['Merope']
Serpent of Slytherin,/wiki/Serpent_of_Slytherin,['Serpent']
Wendelin the Weird,/wiki/Wendelin_the_Weird,['Wendelin']
Unidentified Hogwarts owl,/wiki/Unidentified_Hogwarts_owl,[]
Fleetwood,/wiki/Fleetwood,[]
Ripper,/wiki/Ripper,"['Rippy-pippy-pooh', 'Rippy', 'Rippy-pooh']"
Fubster,/wiki/Fubster,[]
Stan Shunpike,/wiki/Stanley_Shunpike,['Stan']
Ernie Prang,/wiki/Ernest_Prang,['Ernie']
Sleeping wizard on the Knight Bus,/wiki/Dishevelled_Wizard,['Sleeping']
Marsh,/wiki/Marsh,[]
Prime Minister,/wiki/Prime_Minister,['Prime']
Florean Fortescue,/wiki/Florean_Fortescue,['Florean']
Cassandra Vablatsky,/wiki/Cassandra_Vablatsky,['Cassandra']
Magical Menagerie saleswoman,/wiki/Magical_Menagerie_saleswoman,['Magical']
Crookshanks,/wiki/Crookshanks,[]
Remus Lupin,/wiki/Remus_Lupin,"['Moony', 'Remus', 'Romulus', 'Lupin']"
Silvanus Kettleburn,/wiki/Silvanus_Kettleburn,"['Professor Kettleburn', 'Silvanus']"
Dementor,/wiki/Dementor,[]
Cadogan,/wiki/Cadogan,[]
Sybill Trelawney,/wiki/Sybill_Trelawney,"['Professor Trelawney', 'Sybill']"
Bilius,/wiki/Bilius,[]
Hogwarts Hippogriff herd,/wiki/Hogwarts_Hippogriff_herd,[]
Buckbeak,/wiki/Buckbeak,"['Witherwings', 'Beaky']"
Unidentified Muggle woman mentioned in Daily Prophet,/wiki/Unidentified_Muggle_woman_(II),[]
Boggart,/wiki/Boggart,[]
Binky,/wiki/Binky,[]
Grindylow,/wiki/Grindylow,[]
Cedric Diggory,/wiki/Cedric_Diggory,['Cedric']
Hinkypunk,/wiki/Hinkypunk,[]
Davey Gudgeon,/wiki/Davey_Gudgeon,['Davey']
Ambrosius Flume,/wiki/Ambrosius_Flume,['Ambrosius']
Ambrosius Flume's wife,/wiki/Ambrosius_Flume%27s_wife,[]
Rosmerta,/wiki/Rosmerta,[]
Peter Pettigrew's mother,/wiki/Peter_Pettigrew%27s_mother,[]
Derek,/wiki/Derek,[]
Septima Vector,/wiki/Septima_Vector,"['Professor Vector', 'Septima']"
Cho Chang,/wiki/Cho_Chang,['Cho']
Roger Davies,/wiki/Roger_Davies,"['Roger', 'Davies']"
Cassius Warrington,/wiki/Cassius_Warrington,"['Warrington', 'Cassius']"
Graham Montague,/wiki/Graham_Montague,"['Montague', 'Graham']"
Peregrine Derrick,/wiki/Peregrine_Derrick,"['Derrick', 'Peregrine']"
Lucian Bole,/wiki/Lucian_Bole,"['Lucian', 'Bole']"
Unidentified Committee for the Disposal of Dangerous Creatures member,/wiki/Unidentified_Committee_for_the_Disposal_of_Dangerous_Creatures_member,[]
Walden Macnair,/wiki/Walden_Macnair,"['Macnair', 'Walden']"
Lyall Lupin,/wiki/Lyall_Lupin,['Lyall']
Hope Lupin,/wiki/Hope_Howell,['Hope']
Pigwidgeon,/wiki/Pigwidgeon,[]
Mary Riddle,/wiki/Mary_Riddle,"['Mrs. Riddle', 'Mary']"
Thomas Riddle,/wiki/Thomas_Riddle,"['Thomas', 'Mr. Riddle']"
Riddles' maid,/wiki/Riddles%27_maid,[]
Riddles' cook,/wiki/Riddles%27_cook,[]
Frank Bryce,/wiki/Frank_Bryce,[]
Landlord of The Hanged Man,/wiki/Landlord_of_The_Hanged_Man,['Landlord']
Dot,/wiki/Dot,[]
Little Hangleton,/wiki/Little_Hangleton,[]
Great Hangleton,/wiki/Great_Hangleton,[]
Riddle House,/wiki/Riddle_House,['Riddle']
Little Hangleton boys,/wiki/Little_Hangleton_boys,[]
Nagini,/wiki/Nagini,['The Snake Girl']
Bertha Jorkins,/wiki/Bertha_Jorkins,['Bertha']
Smeltings Academy,/wiki/Smeltings_Academy,['Smeltings']
Little Whinging postman,/wiki/Little_Whinging_postman,[]
Barty Crouch Snr,/wiki/Bartemius_Crouch_Senior,['Barty']
Ludo Bagman,/wiki/Ludovic_Bagman,['Ludo']
Otto Bagman,/wiki/Otto_Bagman,['Otto']
Viktor Krum,/wiki/Viktor_Krum,"['Krum', 'Bulgarian Bonbon', 'Dumb Krum', 'Viktor', 'Viktor Krazy Krum']"
Amos Diggory,/wiki/Amos_Diggory,"['Amos', 'Mr. Diggory']"
Lovegood family,/wiki/Lovegood_family,[]
Fawcett family,/wiki/Fawcett_family,[]
Basil,/wiki/Basil,[]
Mr Roberts,/wiki/Roberts,['Mr. Roberts']
Mr Payne,/wiki/Payne,['Mr. Payne']
Kevin,/wiki/Kevin,[]
Kevin's mother,/wiki/Kevin%27s_mother,[]
Kevin's father,/wiki/Kevin%27s_father,[]
Salem Witches Institute,/wiki/Salem_Witches%27_Institute,['Salem']
Archie Aymslowe,/wiki/Archie_Aymslowe,['Archie']
Mr Wood,/wiki/Oliver_Wood%27s_father,['Mr. Wood']
Mrs Wood,/wiki/Oliver_Wood%27s_mother,['Mrs. Wood']
Cuthbert Mockridge,/wiki/Cuthbert_Mockridge,['Cuthbert']
Gilbert Wimple,/wiki/Gilbert_Wimple,['Gilbert']
Arnold Peasegood,/wiki/Arnold_Peasegood,"['Arnie', 'Arnold']"
Broderick Bode,/wiki/Broderick_Bode,"['Broderick', 'Bode']"
Saul Croaker,/wiki/Saul_Croaker,"['Saul', 'Croaker']"
Roddy Pontner,/wiki/Roddy_Pontner,"['Roddy', 'Pontner']"
Agatha Timms,/wiki/Agatha_Timms,['Agatha']
Ali Bashir,/wiki/Ali_Bashir,['Ali']
Omnioculars,/wiki/Omnioculars,[]
Winky,/wiki/Winky,['Blinky']
Bulgarian Minister for Magic,/wiki/Oblansk,"['Obalonsk', 'Bulgarian']"
Mungo Bonham,/wiki/Mungo_Bonham,['Mungo']
Veela,/wiki/Veela,[]
Leprechaun,/wiki/Leprechaun,[]
Vasily Dimitrov,/wiki/Vasily_Dimitrov,"['Dimitrov', 'Vasily']"
Clara Ivanova,/wiki/Clara_Ivanova,"['Ivanova', 'Clara']"
Lev Zograf,/wiki/Lev_Zograf,"['Lev', 'Zograf']"
Alexei Levski,/wiki/Alexei_Levski,"['Alexei', 'Levski']"
Pyotr Vulchanov,/wiki/Pyotr_Vulchanov,"['Pyotr', 'Vulchanov']"
Ivan Volkov,/wiki/Ivan_Volkov,"['Ivan', 'Volkov']"
Connolly,/wiki/Connolly,[]
Barry Ryan,/wiki/Barry_Ryan,"['Ryan', 'Barry']"
Troy,/wiki/Troy,[]
Mullet,/wiki/Mullet,[]
Moran,/wiki/Moran,[]
Quigley,/wiki/Quigley,[]
Aidan Lynch,/wiki/Aidan_Lynch,"['Aidan', 'Lynch']"
Hassan Mostafa,/wiki/Hassan_Mostafa,"['Mostafa', 'Hassan']"
Mrs Roberts,/wiki/Roberts%27s_wife,['Mrs. Roberts']
Roberts children,/wiki/Roberts_children,['Roberts']
Unidentified Beauxbatons girl (I),/wiki/Unidentified_Beauxbatons_students#Beauxbatons_girl_(I),[]
Olympe Maxime,/wiki/Olympe_Maxime,"['Madam Maxime', 'Olympe']"
Wizard who claimed to be a dragon killer,/wiki/Wizard_who_claimed_to_be_a_dragon_killer,['Wizard']
Wizard who claimed to be a vampire hunter,/wiki/Wizard_who_claimed_to_be_a_Vampire_Hunter,['Wizard']
Rita Skeeter,/wiki/Rita_Skeeter,"['Queen of the Quills', 'Rita', 'Skeeter']"
Alastor Moody,/wiki/Alastor_Moody,"['Alastor', 'Mad-Eye']"
Dennis Creevey,/wiki/Dennis_Creevey,['Dennis']
Stewart Ackerley,/wiki/Stewart_Ackerley,['Stewart']
Malcolm Baddock,/wiki/Malcolm_Baddock,['Malcolm']
Eleanor Branstone,/wiki/Eleanor_Branstone,['Eleanor']
Owen Cauldwell,/wiki/Owen_Cauldwell,['Owen']
Emma Dobbs,/wiki/Emma_Dobbs,['Emma']
Laura Madley,/wiki/Laura_Madley,['Laura']
Natalie McDonald,/wiki/Natalie_McDonald,['Natalie']
Graham Pritchard,/wiki/Graham_Pritchard,['Graham']
Orla Quirke,/wiki/Orla_Quirke,['Orla']
Kevin Whitby,/wiki/Kevin_Whitby,['Kevin']
Hogwarts house-elves,/wiki/Hogwarts_house-elves,[]
Barty Crouch Jr,/wiki/Bartemius_Crouch_Junior,"['Master Barty', 'Barty Crouch Jnr', 'Barty', 'Alastor ""Mad-Eye"" Moody']"
Eloise Midgeon,/wiki/Eloise_Midgen,['Eloise']
Blast-Ended Skrewts,/wiki/Blast-Ended_Skrewt,[]
Beauxbatons Academy of Magic,/wiki/Beauxbatons_Academy_of_Magic,['Beauxbatons']
Igor Karkaroff,/wiki/Igor_Karkaroff,"['Karkaroff', 'Igor']"
Poliakoff,/wiki/Poliakoff,[]
Summers,/wiki/Summers,[]
Fleur Delacour,/wiki/Fleur_Delacour,"['Phlegm', 'Fleur']"
Violet,/wiki/Violet,[]
Apolline Delacour's mother,/wiki/Apolline_Delacour%27s_mother,[]
Mykew Gregorovitch,/wiki/Mykew_Gregorovitch,"['Gregorovitch', 'Mykew']"
Unidentified female Hungarian Horntail,/wiki/Unidentified_female_Hungarian_Horntail,[]
Unidentified female Chinese Fireball,/wiki/Unidentified_female_Chinese_Fireball,[]
Unidentified female Common Welsh Green,/wiki/Unidentified_female_Common_Welsh_Green,[]
Winky's mother,/wiki/Winky%27s_mother,[]
Winky's grandmother,/wiki/Winky%27s_grandmother,[]
Unidentified Hufflepuff third year girl,/wiki/Unidentified_Hufflepuff_girl_(III),[]
Weird Sisters,/wiki/Weird_Sisters,[]
Joey Jenkins,/wiki/Joey_Jenkins,['Joey']
Unidentified Beauxbatons boy,/wiki/Unidentified_Beauxbatons_students#Beauxbatons_boy,[]
Fridwulfa,/wiki/Fridwulfa,[]
Rubeus Hagrid's father,/wiki/Rubeus_Hagrid%27s_father,[]
Boris the Bewildered,/wiki/Boris_the_Bewildered,['Boris']
Wilhelmina Grubbly-Plank,/wiki/Wilhelmina_Grubbly-Plank,"['Professor Grubbly-Plank', 'Wilhelmina']"
Care of Magical Creatures,/wiki/Care_of_Magical_Creatures,[]
Ludovic Bagman's goblin creditors,/wiki/Ludovic_Bagman%27s_goblin_creditors,[]
Bertha Jorkins's second cousin,/wiki/Bertha_Jorkins%27s_second_cousin,[]
Bertha Jorkins's aunt,/wiki/Bertha_Jorkins%27s_aunt,[]
Aberforth Dumbledore,/wiki/Aberforth_Dumbledore,['Aberforth']
Olive Hornby's brother,/wiki/Olive_Hornby%27s_brother,[]
Unicorn,/wiki/Unicorn,[]
Black Lake,/wiki/Great_Lake,['Black']
Black Lake Merpeople colony,/wiki/Great_Lake_Merpeople_colony,['Black']
Gabrielle Delacour,/wiki/Gabrielle_Delacour,['Gabrielle']
Murcus,/wiki/Murcus,[]
Evan Rosier,/wiki/Evan_Rosier,"['Rosier', 'Evan']"
Wilkes,/wiki/Wilkes,[]
Bellatrix Lestrange,/wiki/Bellatrix_Lestrange,['Bellatrix']
Rodolphus Lestrange,/wiki/Rodolphus_Lestrange,['Rodolphus']
Care of Magical Creatures,/wiki/Care_of_Magical_Creatures,[]
Mrs Fudge,/wiki/Cornelius_Fudge%27s_wife,['Mrs. Fudge']
Andorran Minister of Magic,/wiki/Andorran_Ministry_of_Magic,['Andorran']
Antonin Dolohov,/wiki/Antonin_Dolohov,"['Dolohov', 'Antonin']"
Travers,/wiki/Travers,[]
Augustus Rookwood,/wiki/Augustus_Rookwood,"['Augustus', 'Rookwood']"
Ludovic Bagman's father,/wiki/Ludovic_Bagman%27s_father,[]
Unidentified female Council of Magical Law juror,/wiki/Unidentified_female_Council_of_Magical_Law_juror,[]
Rabastan Lestrange,/wiki/Rabastan_Lestrange,['Rabastan']
Frank Longbottom,/wiki/Frank_Longbottom,[]
Alice Longbottom,/wiki/Alice_Longbottom,"[""Frank Longbottom's wife"", 'Alice']"
Florence,/wiki/Florence,[]
Florence's boyfriend,/wiki/Florence%27s_boyfriend,[]
Apolline Delacour,/wiki/Apolline_Delacour,['Apolline']
Mrs Diggory,/wiki/Cedric_Diggory%27s_mother,['Mrs. Diggory']
Mr Krum,/wiki/Viktor_Krum%27s_father,['Mr. Krum']
Mrs Krum,/wiki/Viktor_Krum%27s_mother,['Mrs. Krum']
Apollyon Pringle,/wiki/Apollyon_Pringle,['Apollyon']
Ogg,/wiki/Ogg,[]
Bodrod the Bearded,/wiki/Bodrod_the_Bearded,['Bodrod']
Urg the Unclean,/wiki/Urg_the_Unclean,['Urg']
Hedge Maze,/wiki/Triwizard_Maze,['Hedge']
Hedge Maze,/wiki/Triwizard_Maze,['Hedge']
Hedge Maze,/wiki/Triwizard_Maze,['Hedge']
Crabbe,/wiki/Crabbe,[]
Goyle,/wiki/Goyle,[]
Nott,/wiki/Nott,[]
Lee Jordan's father,/wiki/Lee_Jordan%27s_father,[]
Bungy,/wiki/Bungy,[]
Mary Dorkins,/wiki/Mary_Dorkins,['Mary']
Mrs Number Seven,/wiki/Owner_of_7_Privet_Drive,[]
Mark Evans,/wiki/Mark_Evans,['Mark']
Dementors,/wiki/Dementor,[]
Mr Prentice,/wiki/Prentice,['Mr. Prentice']
Nymphadora Tonks,/wiki/Nymphadora_Tonks,"['Dora', 'Nymphadora']"
Kingsley Shacklebolt,/wiki/Kingsley_Shacklebolt,"['Royal', 'Shacklebolt', 'Kingsley']"
Elphias Doge,/wiki/Elphias_Doge,"['Darling Dodgy', 'Elphias', 'Dogbreath Doge)', 'Dodgy Doge']"
Emmeline Vance,/wiki/Emmeline_Vance,['Emmeline']
Sturgis Podmore,/wiki/Sturgis_Podmore,"['Sturgis', 'Podmore']"
Hestia Jones,/wiki/Hestia_Jones,['Hestia']
Edward Tonks,/wiki/Edward_Tonks,['Edward']
Andromeda Tonks,/wiki/Andromeda_Tonks,"['Andromeda', 'Dromeda']"
Kreacher,/wiki/Kreacher,[]
Walburga Black,/wiki/Walburga_Black,['Walburga']
Phineas Nigellus Black,/wiki/Phineas_Nigellus_Black,['Phineas']
Kreacher's mother,/wiki/Kreacher%27s_mother,[]
12 Grimmauld Place,/wiki/12_Grimmauld_Place,[]
Nottingham,/wiki/Nottingham,[]
Ragnok,/wiki/Ragnok,[]
Will,/wiki/Will,[]
Warty Harris,/wiki/Warty_Harris,['Warty']
Millicent Bagnold,/wiki/Millicent_Bagnold,['Millicent']
Fleamont Potter,/wiki/Fleamont_Potter,['Fleamont']
Euphemia Potter,/wiki/Euphemia_Potter,['Euphemia']
Alphard Black,/wiki/Alphard_Black,['Alphard']
Orion Black,/wiki/Orion_Black,['Orion']
Regulus Black,/wiki/Regulus_Black,"['Regulus', 'R.A.B.']"
Araminta Meliflua,/wiki/Araminta_Meliflua_Black,['Araminta']
Elladora Black,/wiki/Elladora_Black,"['Elladora', 'Aunt Elladora']"
Arcturus Black III,/wiki/Arcturus_Black_III,['Arcturus']
12 Grimmauld Place,/wiki/12_Grimmauld_Place,[]
12 Grimmauld Place,/wiki/12_Grimmauld_Place,[]
Rufus Scrimgeour,/wiki/Rufus_Scrimgeour,"['Rufus', 'Scrimgeour']"
Amelia Bones,/wiki/Amelia_Bones,['Amelia']
Eric Munch,/wiki/Eric_Munch,['Eric']
Bob,/wiki/Bob,[]
Dolores Umbridge,/wiki/Dolores_Umbridge,"['Dolores', 'Umbridge']"
Wilbert Slinkhard,/wiki/Wilbert_Slinkhard,"['Slinkhard', 'Wilbert']"
Marlene McKinnon,/wiki/Marlene_McKinnon,['Marlene']
Benjy Fenwick,/wiki/Benjy_Fenwick,['Benjy']
Edgar Bones,/wiki/Edgar_Bones,['Edgar']
Caradoc Dearborn,/wiki/Caradoc_Dearborn,['Caradoc']
Gideon Prewett,/wiki/Gideon_Prewett,['Gideon']
Fabian Prewett,/wiki/Fabian_Prewett,['Fabian']
Dorcas Meadowes,/wiki/Dorcas_Meadowes,['Dorcas']
Luna Lovegood,/wiki/Luna_Lovegood,"['Luna', 'Loony Lovegood']"
Anthony Goldstein,/wiki/Anthony_Goldstein,['Anthony']
Doris Purkiss,/wiki/Doris_Purkiss,['Doris']
Stubby Boardman,/wiki/Stubby_Boardman,['Stubby']
Xenophilius Lovegood,/wiki/Xenophilius_Lovegood,"['Xenophilius', 'Mr. Lovegood']"
Hogwarts Thestral herd,/wiki/Hogwarts_Thestral_herd,[]
Euan Abercrombie,/wiki/Euan_Abercrombie,['Euan']
Rose Zeller,/wiki/Rose_Zeller,['Rose']
Dean Thomas's mother,/wiki/Dean_Thomas%27s_mother,[]
Dean Thomas's father,/wiki/Dean_Thomas%27s_father,[]
Patricia Stimpson,/wiki/Patricia_Stimpson,['Patricia']
Kenneth Towler,/wiki/Kenneth_Towler,['Kenneth']
Inigo Imago,/wiki/Inigo_Imago,['Inigo']
Care of Magical Creatures,/wiki/Care_of_Magical_Creatures,[]
Lachlan the Lanky,/wiki/Lachlan_the_Lanky,['Lachlan']
Vicky Frobisher,/wiki/Vicky_Frobisher,['Vicky']
Geoffrey Hooper,/wiki/Geoffrey_Hooper,['Geoffrey']
Wilfred the Wistful,/wiki/Wilfred_the_Wistful,['Wilfred']
Mrs Chang,/wiki/Cho_Chang%27s_mother,['Mrs. Chang']
Donaghan Tremlett,/wiki/Donaghan_Tremlett,['Donaghan']
Griselda Marchbanks,/wiki/Griselda_Marchbanks,['Griselda']
Tiberius Ogden,/wiki/Tiberius_Ogden,['Tiberius']
Cassandra Trelawney,/wiki/Cassandra_Trelawney,['Cassandra']
Marietta Edgecombe,/wiki/Marietta_Edgecombe,['Marietta']
Michael Corner,/wiki/Michael_Corner,['Michael']
Zacharias Smith,/wiki/Zacharias_Smith,['Zacharias']
Unidentified Gryffindor boy,/wiki/Unidentified_Gryffindor_boy,[]
Unidentified Gryffindor boy's friend,/wiki/Unidentified_Gryffindor_boy%27s_friend,[]
Gargoyles at the staff room entrance,/wiki/Gargoyles_at_the_staffroom_entrance,['Gargoyles']
Barnabus the Barmy,/wiki/Barnabas_the_Barmy,"['Barnabus', 'Barnabas the Barmy']"
Mr Edgecombe,/wiki/Marietta_Edgecombe%27s_father,['Mr. Edgecombe']
Mr Chang,/wiki/Cho_Chang%27s_father,['Mr. Chang']
Ladislaw Zamojski,/wiki/Ladislaw_Zamojski,['Ladislaw']
Karkus,/wiki/Karkus,[]
Golgomath,/wiki/Golgomath,[]
Tenebrus,/wiki/Tenebrus,[]
Andrew Kirke,/wiki/Andrew_Kirke,"['Kirke', 'Andrew']"
Jack Sloper,/wiki/Jack_Sloper,"['Slope', 'Jack']"
Everard,/wiki/Everard,[]
Dilys Derwent,/wiki/Dilys_Derwent,['Dilys']
Elfrida Cragg,/wiki/Elfrida_Cragg,['Elfrida']
Dexter Fortescue,/wiki/Dexter_Fortescue,"['Dexter', 'Fortescu']"
Unidentified female Head,/wiki/Gimlet-eyed_Hogwarts_Headmistress,[]
Ventriloquist dummy at Purge and Dowse,"/wiki/Dummy_at_Purge_and_Dowse,_Ltd",['Ventriloquist']
St Mungo's Welcome Witch,/wiki/St_Mungo%27s_Welcome_Witch,[]
Dai Llewellyn,/wiki/Dai_Llewellyn,"['Dai', '""Dangerous"" Dai']"
Hippocrates Smethwyck,/wiki/Hippocrates_Smethwyck,"['Hippocrates', 'Healer Smethwyck']"
Augustus Pye,/wiki/Augustus_Pye,"['Pye', 'Augustus']"
Urquhart Rackharrow,/wiki/Urquhart_Rackharrow,['Urquhart']
Willy Widdershins,/wiki/Willy_Widdershins,['Willy']
Portrait of a Healer in St Mungo's Hospital,/wiki/Portrait_of_a_Healer_in_St_Mungo%27s_Hospital,[]
Miriam Strout,/wiki/Miriam_Strout,"['Miriam', 'Healer Strout']"
Janus Thickey,/wiki/Janus_Thickey,['Janus']
Agnes's son,/wiki/Agnes%27s_son,[]
Puddifoot,/wiki/Puddifoot,[]
Summerby,/wiki/Summerby,[]
Tobias Snape,/wiki/Tobias_Snape,['Tobias']
Eileen Prince,/wiki/Eileen_Prince,['Eileen']
John Dawlish,/wiki/John_Dawlish,"['John', 'Dawlish']"
Mr Montague,/wiki/Graham_Montague%27s_father,['Mr. Montague']
Mrs Montague,/wiki/Graham_Montague%27s_mother,['Mrs. Montague']
Bradley,/wiki/Bradley,[]
Grawp,/wiki/Grawp,['Grawpy']
Magorian,/wiki/Magorian,[]
Unidentified hard-faced grey centaur,/wiki/Unidentified_hard-faced_grey_centaur,[]
Chambers,/wiki/Chambers,[]
Eddie Carmichael,/wiki/Eddie_Carmichael,"['Carmichael', 'Eddie']"
Harold Dingle,/wiki/Harold_Dingle,"['Dingle', 'Harold']"
Daphne Greengrass,/wiki/Daphne_Greengrass,['Daphne']
Tofty,/wiki/Tofty,[]
Pierre Bonaccord,/wiki/Pierre_Bonaccord,['Pierre']
Unidentified centaur,/wiki/Unidentified_centaur,[]
Unidentified bearded centaur,/wiki/Unidentified_bearded_centaur,[]
Unidentified dun-coloured centaur,/wiki/Unidentified_dun-coloured_centaur,[]
Unidentified thestrals,/wiki/Unidentified_Thestrals,[]
Jugson,/wiki/Jugson,[]
Unidentified female Seer,/wiki/Unidentified_female_Seer,[]
Unidentified male Seer,/wiki/Unidentified_male_Seer,[]
Williamson,/wiki/Williamson,[]
Dr Ubbly,/wiki/Dr_Ubbly%27s_Oblivious_Unction,['Dr. Ubbly']
Pandora Lovegood,/wiki/Pandora_Lovegood,['Pandora']
Mrs Goyle,/wiki/Gregory_Goyle%27s_mother,['Mrs. Goyle']
Prime Minister's political opponent,/wiki/Prime_Minister%27s_political_opponent,[]
Herbert Chorley,/wiki/Herbert_Chorley,['Herbert']
Ulick Gamp,/wiki/Ulick_Gamp,['Ulick']
Prime Minister's niece,/wiki/Prime_Minister%27s_niece,[]
Chancellor of the Exchequer,/wiki/Chancellor_of_the_Exchequer,[]
Fox near Spinner's End,/wiki/Fox_near_Spinner%27s_End,[]
Corban Yaxley,/wiki/Corban_Yaxley,"['Yaxley', 'Corban']"
Amycus Carrow,/wiki/Amycus_Carrow,"['Amycus', 'Carrows']"
Alecto Carrow,/wiki/Alecto_Carrow,"['Alecto', 'Carrows']"
Fenrir Greyback,/wiki/Fenrir_Greyback,"['Fenrir', 'Greyback']"
Horace Slughorn,/wiki/Horace_Slughorn,"['Slughorn', 'Old Sluggy', 'Horace']"
Dirk Cresswell,/wiki/Dirk_Cresswell,['Dirk']
Barnabus Cuffe,/wiki/Barnabas_Cuffe,['Barnabus']
Ciceron Harkiss,/wiki/Ciceron_Harkiss,['Ciceron']
Gwenog Jones,/wiki/Gwenog_Jones,['Gwenog']
Arkie Philpott,/wiki/Arkie_Philpott,['Arkie']
Amulet,/wiki/Amulet,[]
Verity,/wiki/Verity,[]
Arnold,/wiki/Arnold,[]
Romilda Vane,/wiki/Romilda_Vane,['Romilda']
Cormac McLaggen,/wiki/Cormac_McLaggen,"['King Slug', 'McLaggen', 'Cormac']"
Marcus Belby,/wiki/Marcus_Belby,"['Marcus', 'Belby']"
Damocles,/wiki/Damocles_Belby,[]
Mr Belby,/wiki/Marcus_Belby%27s_father,['Mr. Belby']
Tiberius,/wiki/Tiberius,[]
Bertie Higgs,/wiki/Bertie_Higgs,['Bertie']
Blaise Zabini's mother,/wiki/Blaise_Zabini%27s_mother,[]
Proudfoot,/wiki/Proudfoot,[]
Savage,/wiki/Savage,[]
Libatius Borage,/wiki/Libatius_Borage,['Libatius']
Hector Dagworth-Granger,/wiki/Hector_Dagworth-Granger,['Hector']
Abraxas Malfoy,/wiki/Abraxas_Malfoy,['Abraxas']
Humphrey Belcher,/wiki/Humphrey_Belcher,['Humphrey']
Bob Ogden,/wiki/Bob_Ogden,"['Bob', 'Ogden']"
Marvolo Gaunt,/wiki/Marvolo_Gaunt,"['Marvolo', 'Mr. Gaunt']"
Morfin Gaunt,/wiki/Morfin_Gaunt,['Morfin']
Cecilia,/wiki/Cecilia,[]
Mr Patil,/wiki/Patil_twins%27_father,['Mr. Patil']
Mrs Patil,/wiki/Patil_twins%27_mother,['Mrs. Patil']
Mr Midgen,/wiki/Eloise_Midgen%27s_father,['Mr. Midgen']
Mrs Abbott,/wiki/Hannah_Abbott%27s_mother,['Mrs. Abbott']
Demelza Robins,/wiki/Demelza_Robins,"['Robins', 'Demelza']"
Jimmy Peakes,/wiki/Jimmy_Peakes,"['Peakes', 'Jimmy']"
Ritchie Coote,/wiki/Ritchie_Coote,"['Ritchie', 'Coote']"
Melinda Bobbin,/wiki/Melinda_Bobbin,"['Melinda', 'Bobbin']"
Leanne,/wiki/Leanne,[]
Caractacus Burke,/wiki/Caractacus_Burke,"['Caractacus', 'Burkes']"
Mrs Cole,/wiki/Cole,['Mrs. Cole']
Billy Stubbs,/wiki/Billy_Stubbs,"['Stubbs', 'Billy']"
Eric Whalley,/wiki/Eric_Whalley,"['Whalley', 'Eric']"
Amy Benson,/wiki/Amy_Benson,"['Benson', 'Amy']"
Dennis Bishop,/wiki/Dennis_Bishop,"['Bishop', 'Dennis']"
Muriel,/wiki/Muriel,[]
Vaisey,/wiki/Vaisey,[]
Urquhart,/wiki/Urquhart,[]
Harper,/wiki/Harper,[]
Romilda Vane's grandmother,/wiki/Romilda_Vane%27s_grandmother,[]
Eldred Worple,/wiki/Eldred_Worple,['Eldred']
Sanguini,/wiki/Sanguini,[]
Gawain Robards,/wiki/Gawain_Robards,['Gawain']
Fergus,/wiki/Fergus,[]
Galatea Merrythought,/wiki/Galatea_Merrythought,"['Galatea', 'Professor Merrythought']"
Lestrange,/wiki/Lestrange,[]
Golpalott,/wiki/Golpalott,[]
Scarpin,/wiki/Scarpin,[]
Wilkie Twycross,/wiki/Wilkie_Twycross,"['Twycross', 'Wilkie']"
Cadwallader,/wiki/Cadwallader,[]
Hokey,/wiki/Hokey,[]
Hepzibah Smith,/wiki/Hepzibah_Smith,['Hepzibah']
Octavius Pepper,/wiki/Octavius_Pepper,['Octavius']
Montgomery sisters,/wiki/Montgomery_sisters,[]
Montgomery,/wiki/Montgomery,[]
Odo,/wiki/Odo,['Odo the Hero']
Katie Bell's father,/wiki/Katie_Bell%27s_father,[]
Katie Bell's mother,/wiki/Katie_Bell%27s_mother,[]
Bertram Aubrey,/wiki/Bertram_Aubrey,['Bertram']
Inferi Army of Lord Voldemort,/wiki/Inferius,['Inferi']
Thorfinn Rowle,/wiki/Thorfinn_Rowle,['Thorfinn']
Gibbon,/wiki/Gibbon,[]
Zacharias Smith's father,/wiki/Zacharias_Smith%27s_father,[]
Rosalind Antigone Bungs,/wiki/Rosalind_Bungs,"['Bungs', 'Rosalind']"
Rupert Brookstanton,/wiki/Rupert_Brookstanton,"['Axebanger', 'Rupert']"
Ceremony official,/wiki/Ceremony_official,['Ceremony']
Albino peacock,/wiki/Albino_peacock,['Albino']
Pius Thicknesse,/wiki/Pius_Thicknesse,"['Thicknesse', 'Pius']"
Charity Burbage,/wiki/Charity_Burbage,"['Professor Burbage', 'Charity']"
Percival Dumbledore,/wiki/Percival_Dumbledore,['Percival']
Three Muggle boys,/wiki/Unidentified_Mould-on-the-Wold_boys,['Three']
Kendra Dumbledore,/wiki/Kendra_Dumbledore,['Kendra']
Ariana Dumbledore,/wiki/Ariana_Dumbledore,['Ariana']
Betty Braithwaite,/wiki/Betty_Braithwaite,['Betty']
Ivor Dillonsby,/wiki/Ivor_Dillonsby,['Ivor']
Selwyn,/wiki/Selwyn,[]
Hedwig's killer,/wiki/Hedwig%27s_killer,[]
Monsieur Delacour,/wiki/Delacour_sisters%27_father,['Monsieur']
Dragomir Gorgovitch,/wiki/Dragomir_Gorgovitch,"['Dragomir', 'Gorgovitch']"
Beedle the Bard,/wiki/Beedle_the_Bard,['Beedle']
Lancelot,/wiki/Lancelot_(Healer),[]
The Weasleys' many cousins,/wiki/Weasley_family,[]
Barny Weasley,/wiki/Red-haired_Muggle_boy,['Barny']
Delacour sisters' cousins,/wiki/Delacour_sisters%27_cousins,[]
Muriel's mother,/wiki/Muriel%27s_mother,[]
Viktor Krum's grandfather,/wiki/Viktor_Krum%27s_grandfather,[]
Workmen at Tottenham Court Road,/wiki/Workmen_at_Tottenham_Court_Road,[]
Waitress at Tottenham Court Road,/wiki/Waitress_at_Luchino_Caffe,[]
Potters' cat,/wiki/Potters%27_cat,[]
Unidentified Ministry,/wiki/British_Ministry_of_Magic,[]
Unidentified Magical Maintenence employee,/wiki/Magical_Maintenance_Department,[]
German-speaking woman,/wiki/German-speaking_woman,[]
German-speaking children,/wiki/German-speaking_children,[]
Reginald Cattermole,/wiki/Reginald_Cattermole,"['Cattermole', 'Reginald']"
Albert Runcorn,/wiki/Albert_Runcorn,"['Runcorn', 'Albert']"
Mary Cattermole,/wiki/Mary_Cattermole,['Mary']
Wakanda,/wiki/Wakanda,[]
Bernie,/wiki/Bernie,[]
Bletchley,/wiki/Bletchley,[]
Dirk Cresswell's wife,/wiki/Dirk_Cresswell%27s_wife,[]
Cresswell brothers,/wiki/Cresswell_brothers,['Cresswell']
Dirk Cresswell's friends,/wiki/Dirk_Cresswell%27s_friends,[]
Arkie Alderton,/wiki/Arkie_Alderton,['Arkie']
Arkie Alderton's alleged son,/wiki/Arkie_Alderton%27s_alleged_son,[]
Maisie Cattermole,/wiki/Maisie_Cattermole,['Maisie']
Ellie Cattermole,/wiki/Ellie_Cattermole,['Ellie']
Alfred Cattermole,/wiki/Alfred_Cattermole,['Alfred']
Gornuk,/wiki/Gornuk,[]
Gamp,/wiki/Gamp,[]
Bowman Wright,/wiki/Bowman_Wright,['Bowman']
Ignotus Peverell,/wiki/Ignotus_Peverell,"['Third Brother', 'youngest brother', 'Ignotus']"
Barnabus Finkley,/wiki/Barnabus_Finkley,['Barnabus']
Enid Smeek,/wiki/Enid_Smeek,['Enid']
Snatchers,/wiki/Snatchers,[]
Egbert the Egregious,/wiki/Egbert_the_Egregious,['Egbert']
Godelot,/wiki/Godelot,[]
Hereward,/wiki/Hereward,[]
Loxias,/wiki/Loxias,[]
Barnabas Deverill,/wiki/Barnabas_Deverill,['Barnabas']
Arcus,/wiki/Arcus,[]
Livius,/wiki/Livius,[]
Antioch Peverell,/wiki/Antioch_Peverell,"['oldest brother', 'Antioch', 'First Brother']"
Cadmus Peverell,/wiki/Cadmus_Peverell,"['Second Brother', 'Cadmus']"
Death,/wiki/Death_(The_Tale_of_the_Three_Brothers),[]
Dean Thomas's half-siblings,/wiki/Dean_Thomas%27s_half-siblings,[]
Scabior,/wiki/Scabior,[]
Dudley,/wiki/Dudley,[]
Snatchers,/wiki/Snatchers,[]
Ragnuk,/wiki/Ragnuk,[]
Edward Lupin,/wiki/Edward_Lupin,"['Teddy', 'Edward']"
Marius,/wiki/Marius,[]
Unidentified Gringotts guard (I),/wiki/Unidentified_Gringotts_guard_(I),[]
Bogrod,/wiki/Bogrod,[]
Beggars on Diagon Alley,/wiki/Wandless,['Beggars']
Ukrainian Ironbelly at Gringotts,/wiki/Gringott%27s_Dragon,['Ukrainian']
Unidentified goblin killed by Voldemort,/wiki/Unidentified_goblin_killed_by_Voldemort,[]
Ravenclaw,/wiki/Ravenclaw,[]
Mary Macdonald,/wiki/Mary_Macdonald,['Mary']
Lily L. Potter,/wiki/Lily_L._Potter,['Lily']
James Potter II,/wiki/James_Potter_II,['James']
Albus Potter,/wiki/Albus_Potter,"['Ronald Weasley', 'Slytherin Squib', 'Albus']"
Albus Potter's owl,/wiki/Albus_Potter%27s_owl,[]
Rose Weasley,/wiki/Rose_Granger-Weasley,"['Ronnie', 'Rose']"
Hugo Weasley,/wiki/Hugo_Granger-Weasley,['Hugo']
Scorpius Malfoy,/wiki/Scorpius_Malfoy,"['Scorpius', 'Malfoy the Unanxious', 'Scorpius the Dreadless', 'Scorpion King']"
Victoire Weasley,/wiki/Victoire_Weasley,['Victoire']
Astoria Greengrass,/wiki/Astoria_Malfoy,['Astoria']
James Potter II's friends,/wiki/James_Potter_II%27s_friends,[]
